id,x,y,z
0,-1.7430592,21.965021,-5.882878
1,14.244427,-20.6501,9.265342
2,2.161892,-4.5844464,-6.643592
3,-18.419384,1.2373235,-3.1350777
4,23.97414,-1.5523378,-4.0058923
5,-22.002214,14.054326,-5.219703
6,13.821964,7.7058225,15.218148
7,1.8132797,-19.17291,-8.615646
8,-3.8133786,-6.096219,-1.0545881
9,-16.771833,14.666409,-10.173843
10,1.5408593,20.893671,-7.67945
11,3.851282,0.50708103,-19.545908
12,-8.138588,-3.2598143,16.532549
13,-20.721127,-2.5554254,1.3996698
14,21.84855,0.8914856,-7.1570883
15,-0.55837363,-16.665438,9.901988
16,16.872545,8.873339,11.719763
17,-2.7266169,-18.787544,-14.413578
18,-1.4553623,-11.086892,2.641582
19,-22.474487,11.131046,-4.052458
20,6.634762,21.176964,-4.935485
21,2.3659627,0.5640562,-19.262825
22,-8.864786,-5.823416,15.68677
23,-22.00799,-3.5826452,4.9465256
24,22.241453,-2.2719722,-4.517176
25,0.24715266,-11.742787,11.59716
26,14.035897,7.580344,16.218943
27,0.94631445,-19.673693,-16.435965
28,-1.5544736,-9.013606,-0.7160946
29,-22.364367,11.872775,-4.3881593
30,0.59035075,17.072563,-6.7966394
31,-22.255676,10.788682,-3.75873
32,-3.257507,6.533319,-4.07694
33,-1.8067912,5.683728,-1.2602507
34,15.082599,8.337777,11.82292
35,-1.7212176,5.856175,-1.2378436
36,5.485262,18.89745,-5.545471
37,-13.355219,7.258426,-3.2785652
38,0.57677394,-11.205328,3.9484117
39,-17.982725,13.510929,-0.24827014
40,-2.1245186,-9.796269,0.116429254
41,22.228893,1.3144515,-8.011754
42,4.091357,0.98968834,-18.37219
43,-0.37419975,-19.754816,-15.983842
44,1.300193,-20.425276,-9.192975
45,-21.821318,-4.5631776,-0.21995132
46,0.15340939,-10.164458,10.079847
47,2.8693688,1.9420089,-17.707186
48,0.7467907,23.601229,-0.21868627
49,2.9710982,25.8193,-2.3663435
50,3.2234764,-5.525755,-5.853087
51,2.6099694,-5.4672065,-7.317596
52,0.68134433,-19.01368,-14.829525
53,1.0257277,-8.855282,-0.38454518
54,2.2961605,-5.775037,-7.4357886
55,7.1368294,21.152317,-3.8706994
56,2.3149261,1.4759854,-18.381752
57,2.2243588,-4.6754513,-6.8070836
58,14.428923,8.8895445,15.991775
59,-19.200953,-3.7024693,2.3793106
60,-21.566818,-4.5195436,0.32190472
61,-2.2433863,-19.093481,-14.954502
62,-21.88332,-4.4857473,1.2678279
63,-20.078495,-5.1815457,2.5403624
64,23.340027,0.39686644,-5.795841
65,15.928064,10.749159,14.0963125
66,14.488519,8.40483,15.485501
67,21.91851,14.014141,15.9891
68,21.473303,-0.71704185,-12.364327
69,0.63328487,-21.465734,-3.3784034
70,2.2696078,2.3612387,-16.993576
71,-2.1607323,6.561752,-4.0110807
72,5.9217777,21.863808,-2.9157255
73,-22.040287,12.894634,-4.695018
74,-1.9885226,8.769293,-0.5360325
75,2.5253181,-5.206313,-7.880013
76,0.9785486,-7.696826,3.089467
77,2.3645744,-5.4976892,-8.340971
78,1.4598843,27.44854,-4.519208
79,2.865856,24.911587,-4.9803295
80,2.0704246,2.1223445,-19.09545
81,-0.1703744,-20.619745,-11.775907
82,14.355042,7.8330126,15.589168
83,-21.954563,-5.307714,3.2317436
84,-10.824976,-6.4127483,22.540037
85,4.342894,1.8384187,-17.504318
86,-0.27118084,-18.561056,-17.732677
87,19.922201,-0.6746344,-14.007309
88,14.05681,8.590482,13.751466
89,-21.838585,-4.3278337,2.1358693
90,4.3321877,0.99240464,-18.330156
91,-20.000566,-5.1944914,3.6650808
92,-19.967945,15.668054,-1.23424
93,14.297489,-20.59414,9.378961
94,-3.6408386,-16.094515,-11.534905
95,12.556359,6.5371833,15.561434
96,0.67899245,-10.7889185,2.638009
97,22.469418,-1.5242721,-5.1808515
98,-20.555977,-5.842629,3.297474
99,10.692198,-19.76767,9.819131
100,22.81532,-1.5323793,-4.8591914
101,6.153247,23.149786,-1.844325
102,-2.845386,-13.603926,11.663153
103,-3.9964602,-14.898851,2.149955
104,12.385359,8.94537,17.282698
105,-21.319874,11.502495,-2.7965727
106,12.949898,6.5858583,14.1625
107,4.3739486,-0.6592582,-19.590427
108,-1.3339728,-19.4433,-15.663702
109,-1.1876724,-13.174454,11.343402
110,22.3658,0.3754701,-13.160853
111,21.966436,0.0110931555,-11.935666
112,-1.6689686,-19.547264,-12.570556
113,-9.254475,-7.5734506,13.977076
114,0.498471,-6.4785748,1.3294361
115,2.997397,-5.6196556,-6.443463
116,3.3657765,-5.622144,-5.7049484
117,-0.027668344,-14.401326,8.668431
118,-0.59832597,-17.174154,-12.521281
119,-20.865828,10.117723,-3.1458848
120,-1.3403255,6.603063,-0.91886926
121,19.856575,-0.5073931,-13.871375
122,-2.7365255,-11.743556,1.0452715
123,-1.1722984,-6.0593243,-2.1660535
124,22.444302,1.1483022,-8.560051
125,-13.565952,12.917356,0.09173168
126,5.941532,21.794596,-3.1207178
127,0.90521365,-11.341801,4.1115456
128,-18.660837,17.422812,-2.6468847
129,8.054663,-20.575266,9.959616
130,1.2800583,23.135395,-3.129857
131,1.502507,-1.8839391,-21.305351
132,-11.026945,-8.94505,22.004803
133,-21.618502,-5.868686,4.553899
134,19.725729,-6.755528,-6.5347924
135,0.61715096,-13.166696,9.168446
136,18.894482,16.659409,13.874113
137,-4.6019645,-17.911108,-11.197631
138,-2.8936622,-7.6427026,0.07667876
139,-20.292637,12.188823,-3.8933666
140,6.060145,22.724657,-6.288654
141,3.9357479,-0.9662155,-20.152584
142,-12.45457,-10.271244,21.368866
143,-22.47221,-4.349375,1.6036946
144,20.374401,-7.347718,-5.734518
145,-1.7449696,-14.381429,8.283959
146,14.666822,11.693616,11.133624
147,-5.065757,-18.197052,-10.974521
148,-1.4032143,-5.0107946,0.24971275
149,-20.921825,14.456911,-4.4917326
150,5.036719,23.624954,-2.19486
151,3.558892,-1.8599163,-20.86251
152,-12.261771,-7.7244983,14.795604
153,-21.74196,-4.478919,4.2852144
154,21.860762,-6.6200128,-6.2274117
155,4.093707,-12.701998,10.354338
156,13.555788,8.966975,13.962797
157,-4.69579,-20.599823,-8.895811
158,0.7973255,-8.191946,-1.9330361
159,-20.447758,13.017892,-4.1071143
160,4.880658,19.597143,-6.2413363
161,-21.338182,13.091278,-3.2477708
162,-0.98120356,-14.033157,8.979358
163,3.0996897,-13.137585,9.894283
164,21.091505,15.467069,15.816958
165,1.9464854,-12.868978,9.052703
166,4.2770157,21.929655,-6.218579
167,-19.887518,9.646392,-5.0903583
168,-2.7232332,-7.736119,0.09494401
169,-20.358875,11.706368,-3.685651
170,-6.531735,-9.797525,3.4075198
171,21.552544,-7.6073475,-4.48606
172,2.3000827,-0.4559449,-20.474813
173,1.550872,-17.833117,-14.25466
174,-1.1405681,-15.837886,-14.337281
175,-20.073565,-3.3951957,3.3144946
176,-0.9474541,-13.603086,9.809535
177,2.7796504,-1.5666364,-21.120205
178,2.248844,24.511988,-6.4641714
179,7.220246,20.945051,-2.9060502
180,-9.629178,-10.402629,19.913738
181,-12.046796,-10.10703,20.819887
182,-3.4873648,-19.43764,-11.380193
183,-2.4501555,-6.8752427,-1.5810753
184,-9.860861,-7.414473,23.96395
185,6.6461844,21.971817,-3.665368
186,2.0702412,-0.7689515,-19.147888
187,-8.475858,-9.298494,20.620338
188,21.23512,14.826512,14.025494
189,-22.92691,-4.2436414,1.7706941
190,-21.99535,-6.297236,1.6270926
191,-5.84893,-20.247663,-7.3712616
192,-23.153776,-4.0382795,4.5169983
193,-21.317875,-5.7705636,1.3212596
194,23.802464,-6.337521,-5.592572
195,14.375622,9.750743,13.780349
196,21.298534,14.613873,14.150256
197,20.452188,15.628125,14.927833
198,23.03812,-7.4772043,-3.8524785
199,-20.360954,13.892523,-5.7097363
200,4.9444017,0.17041196,-19.615433
201,-0.12041626,-13.232976,9.736304
202,4.7360854,23.341568,-4.395986
203,-18.877434,15.914272,-7.1068954
204,4.0901933,-12.807026,9.773817
205,-12.168945,-8.103402,14.605636
206,-6.3794417,-9.663283,3.1756175
207,-10.650043,-9.940451,20.283598
208,6.6626635,20.074404,-4.043018
209,6.436065,23.21599,-2.6872175
210,2.6109395,-0.9165613,-19.986176
211,-1.2297446,-22.596737,-6.4911466
212,22.05198,14.298355,15.6306505
213,-21.909231,-5.4706287,3.120832
214,-11.003671,-9.349899,21.545694
215,5.986085,-0.077742524,-20.196486
216,-5.85559,-19.667809,-8.069168
217,-22.141617,-6.055223,2.9458892
218,3.732095,-1.7702891,-21.007362
219,-21.059374,-5.5740943,2.1146164
220,-17.895191,15.718509,-7.3431487
221,3.180786,1.0275441,-20.579395
222,0.8574619,-17.996712,-12.790608
223,15.686409,8.568423,12.748964
224,-1.5553846,-7.2106566,-3.6203718
225,21.170345,-7.5311537,-5.2276673
226,-22.715273,-4.7448854,4.3736534
227,4.374795,0.41696158,-19.850811
228,21.496801,-7.5163927,-5.670982
229,3.2633927,24.629883,-5.588296
230,1.6242929,-12.188644,8.663755
231,-22.162851,-3.416062,5.4433494
232,13.890755,14.512896,12.869706
233,-21.211742,13.644098,-4.1612177
234,16.84979,17.881384,14.834504
235,3.3058891,0.74107766,-20.963009
236,-3.4982686,-20.659212,-9.086549
237,1.5931665,-11.997955,9.84214
238,23.110107,-7.382623,-3.9327688
239,22.384981,-7.7070737,-5.927339
240,-5.83807,-19.601637,-8.747009
241,-9.532964,-7.7332354,24.427876
242,0.0769061,-7.405237,-1.2642307
243,-9.651921,-8.461205,24.272554
244,-9.409355,-10.6781,19.999817
245,2.486946,-12.0253315,9.031209
246,0.79675585,-11.547226,9.727499
247,23.015337,-8.088705,-6.1828513
248,-1.0733151,-7.090205,-1.3749784
249,-1.6197374,-6.73823,-2.108882
250,20.550257,-7.3199997,-5.8126006
251,-16.135996,14.042623,-9.450567
252,4.9671507,22.573868,-3.6287198
253,-1.5570945,-7.48108,-3.4502354
254,-18.000383,14.064146,-8.656228
255,-0.12360574,-6.516475,1.1074766
256,0.86961085,19.84812,-7.3923874
257,8.803809,-20.257023,6.7487397
258,-13.514868,-6.1566663,20.022228
259,-18.502363,0.9767067,-3.629642
260,21.672935,0.6226992,-11.721876
261,-7.1613355,6.8459773,-4.337967
262,17.371523,15.743355,15.898704
263,2.5870554,-16.734024,-13.332129
264,-6.0420103,-2.0553355,-0.32659677
265,0.44566265,-7.3199134,-13.915716
266,4.306198,24.544306,-6.9897137
267,13.945219,-17.316345,3.7393425
268,-12.680206,-6.185679,20.15082
269,-22.270378,-1.2177783,-2.3780818
270,21.026466,2.017556,-9.7916975
271,-0.6404949,-14.821949,7.3057637
272,17.624025,14.421783,15.111759
273,-1.8422296,-19.556477,-10.193989
274,-1.4676977,-7.610517,4.50147
275,1.9336065,-8.044743,-12.883877
276,0.33931044,20.92536,-6.4923096
277,12.344586,-17.181543,4.518412
278,-14.071493,-7.461811,20.685886
279,-20.329458,2.8519244,0.2470936
280,23.042372,2.2795935,-12.299275
281,-4.9716516,8.01103,-3.769877
282,21.251234,15.173849,16.36151
283,1.0548276,-14.34416,-13.281068
284,-1.4322634,-6.8249516,4.583117
285,-18.218931,13.257906,-2.2136283
286,0.08725179,20.282276,-8.039913
287,-19.771181,9.390226,-3.920649
288,-5.9208546,6.691219,-4.541453
289,-6.246654,10.820041,-1.5040299
290,16.680944,12.227835,15.003307
291,-9.647026,10.405845,-1.5913731
292,-1.2085028,19.36763,-8.118593
293,-15.226179,16.2431,-6.4811707
294,-3.6313937,-4.8759227,-2.8216968
295,-15.873241,9.181816,-5.5704865
296,-4.027217,-4.5324154,-2.063477
297,24.715382,0.60871327,-9.238634
298,11.071232,-17.478275,8.377153
299,-2.235442,-18.647173,-9.483264
300,-0.8308201,-15.127321,-15.373796
301,-22.61578,-1.1293707,-1.4411248
302,-5.7719803,5.9317303,-4.936559
303,11.716033,-19.172314,5.0398746
304,0.5868978,23.753027,-0.17665774
305,0.20896634,23.047195,-6.835073
306,-13.301922,-7.655479,22.733372
307,-12.764327,-9.163165,20.205395
308,0.79800296,-16.747711,-15.492881
309,-6.1974964,-0.91872954,-1.5042919
310,-12.839516,-6.5225544,19.344425
311,0.12398715,21.912128,-7.024464
312,5.7014537,0.031878803,-20.083006
313,-12.488418,-6.4582095,21.134483
314,16.08961,16.66926,17.640081
315,-19.796345,-1.5023738,-3.5379527
316,-22.840721,-1.472547,-0.20874219
317,1.6791984,-15.124379,-14.140409
318,-21.092459,0.023691159,-1.6356235
319,-20.964363,-0.7671239,-1.8434768
320,23.82714,1.4914331,-11.099029
321,19.173433,12.993928,16.80797
322,18.949978,12.983197,16.704128
323,18.997087,12.077038,13.523166
324,24.449686,2.6870801,-12.116435
325,1.732967,-7.710482,-14.306564
326,9.967799,-19.93261,7.818342
327,0.47913057,-17.746689,12.225209
328,1.1227611,20.272182,-4.994552
329,1.8553218,-8.013658,-13.076121
330,-5.5739546,6.752347,-4.8641934
331,-12.518411,-7.342212,19.380974
332,-5.502387,-3.1367724,-0.64622974
333,-13.978633,-8.091127,21.77719
334,1.4211053,21.596735,-7.1706953
335,0.41631028,20.056349,-5.752813
336,13.335563,-17.719406,4.190936
337,-3.8271012,-15.182495,-12.508543
338,16.773262,9.131099,13.386788
339,-22.221207,-1.1448821,-1.8249753
340,-13.530321,-8.731931,20.231548
341,13.707479,-17.45661,3.917211
342,-4.320675,-16.197681,-12.503168
343,20.900757,2.2638958,-9.591258
344,17.848349,17.052685,15.954514
345,-20.938734,-1.4679031,0.82135034
346,9.66647,-20.781702,6.01328
347,-18.94516,-1.4995776,-3.1581163
348,1.0589418,-7.538093,-13.6775
349,12.4104805,-20.919258,8.325944
350,-4.495868,-18.169659,-9.520642
351,16.636677,12.547584,14.823716
352,-2.8686163,-6.7688375,1.2949786
353,26.024288,1.2582184,-8.746345
354,-18.711416,-2.042591,-3.2217636
355,11.169846,-23.135714,6.2961435
356,20.045786,1.889294,-12.211443
357,2.5776246,24.251635,-0.88302714
358,-7.024165,7.426135,-5.6196537
359,-19.534307,2.8440902,0.64708775
360,18.328072,14.675932,15.295981
361,1.9191309,-7.9247975,-13.650868
362,19.477207,12.284083,17.285929
363,9.369905,-16.65555,9.249323
364,-5.7214484,-20.297564,-9.977905
365,-3.7127967,7.6461663,-2.8829513
366,27.79749,1.8366255,-7.1662316
367,23.352066,0.32108614,-10.096653
368,-4.1669707,-16.230227,-12.390324
369,-14.209778,-6.7984753,19.836979
370,-4.277228,-4.004304,-0.49047554
371,-14.252728,-8.212616,21.913025
372,-11.369323,-6.919675,20.458027
373,-6.9403543,9.667349,-1.9714129
374,-1.3066913,-16.903536,-15.756181
375,2.0314362,-6.247926,-17.828415
376,1.6837509,-14.227755,7.6823277
377,24.052723,2.1108422,-11.446526
378,-7.2186384,-2.1232655,2.3335676
379,-4.3277025,-3.9966362,-2.3970802
380,22.134422,0.6940573,-8.422019
381,2.5351372,-6.0058002,-18.70447
382,1.8266913,24.661482,-2.3354058
383,-1.1865696,-7.1136193,4.3248434
384,1.087952,-7.584188,-14.164475
385,-19.442589,-1.5536418,3.0088708
386,4.375867,26.21145,-5.704252
387,-0.101455264,-1.0083187,-19.69812
388,-8.627363,-4.209001,16.863722
389,-23.59021,-2.1335196,0.89148486
390,23.966314,-6.457797,-4.5477276
391,-5.4660516,5.3289742,-2.4440346
392,12.590022,14.215446,13.291902
393,-0.12408713,-10.490007,-16.607864
394,-3.6915574,0.0572395,-1.4371725
395,-19.507315,15.941222,-1.9342396
396,3.7038248,24.135702,-5.6648707
397,1.1763567,0.3992157,-16.443514
398,-8.91973,-1.8803455,17.136303
399,-19.01236,2.7976422,-4.847572
400,26.008959,5.7362204,-11.375265
401,-4.0804367,5.826884,-0.4871157
402,11.563818,14.583039,12.365002
403,0.69767547,-10.371041,-16.651108
404,-2.345141,-8.59401,1.6572558
405,-18.8264,9.267523,-6.0957417
406,4.540884,23.22989,-3.9867673
407,1.818971,-0.56217057,-17.75165
408,-7.5325685,-4.5036306,19.246473
409,-19.327337,5.5885577,-2.4224668
410,23.061886,-5.8471355,-6.074151
411,-4.393159,5.870771,-0.69860816
412,12.354695,13.215023,11.578444
413,1.1563659,-10.598726,-16.958344
414,-6.8901377,-2.2019246,-3.9467247
415,-18.875534,9.291403,-6.0664682
416,5.682924,22.013182,-7.0841355
417,-16.17921,12.560921,-9.533576
418,-5.8667417,5.250772,-2.6206539
419,-4.60723,7.0052557,-0.39255086
420,11.531602,14.492584,11.342677
421,-20.755085,16.476986,-0.5387605
422,4.7796125,26.021652,-6.576486
423,-16.240896,12.100832,-9.297134
424,-3.0625525,-2.0594702,-0.72364295
425,-17.152733,12.186254,-5.8576245
426,-3.74797,-1.3786227,0.37136504
427,21.640976,-4.6205964,-6.8670664
428,1.8644615,0.05537439,-18.558516
429,0.77987874,-10.136315,-17.70977
430,-0.30269477,-10.782568,-14.500559
431,-20.310581,3.033854,-5.0112085
432,-4.9472675,5.297505,-0.78549355
433,1.0671147,1.0748134,-16.495768
434,2.4864187,24.299168,-4.4420066
435,3.6248128,23.615679,-3.2667377
436,-8.533259,-1.9425821,17.5508
437,-9.802308,-3.7292297,18.600086
438,0.39530647,-10.468279,-16.553022
439,-5.643904,0.6286267,-2.106848
440,-10.100694,-2.9770448,18.222128
441,-1.3262721,23.754223,-3.666524
442,-1.1425475,-4.3763804,19.409458
443,-9.641571,-1.4689116,17.09817
444,15.036638,16.015327,17.943892
445,-20.777817,3.572461,-5.373318
446,-19.286287,2.225145,-6.006081
447,1.5187138,-10.743215,-17.827394
448,-20.223421,3.43121,-5.281054
449,-18.446644,2.0169048,-5.5055733
450,23.985056,-5.2998204,-6.8256183
451,13.039447,13.231911,11.532245
452,12.020434,14.385266,12.742707
453,13.244517,13.496192,11.394819
454,22.952112,-5.567806,-5.452469
455,-16.851786,12.84406,-5.750253
456,1.6951972,0.5223269,-19.208866
457,-5.021927,6.590968,-7.226789
458,4.114123,21.634829,-6.9480033
459,-16.316563,11.953801,-9.060521
460,-4.3986244,7.0762453,-0.62941307
461,-7.8269114,-3.3019211,17.827244
462,-3.106352,-0.44390652,0.4678881
463,-9.351068,-4.736467,20.49631
464,-1.3085968,22.993406,-4.658183
465,4.617498,25.201674,-3.0659945
466,1.63753,1.2831324,-16.289557
467,1.1328733,-10.402635,-17.968805
468,13.445001,10.689561,14.989933
469,-19.22517,2.13556,-5.3866343
470,-7.688228,-6.0164185,21.333982
471,2.4947853,1.2814465,-15.812532
472,-0.042492263,-10.744721,-15.212377
473,21.996778,-2.992645,-4.463896
474,14.158313,12.975918,10.509039
475,-18.437576,1.6745956,-5.206439
476,3.1262472,1.098832,-18.66919
477,-19.213886,0.093887314,-5.72826
478,-17.79792,12.227811,-7.5487223
479,1.2152827,-0.13524978,-17.151136
480,0.51406425,-8.127317,-15.329694
481,12.627373,14.088141,10.219099
482,-6.8935122,-4.5120697,0.011457105
483,24.39531,-5.2748685,-6.806384
484,-19.404436,0.3074787,-4.8339124
485,0.7957114,0.55588174,-16.887318
486,22.655474,-5.3171177,-6.736688
487,5.766378,24.907518,-4.7150445
488,-4.152493,5.6331873,-2.9773712
489,-17.93276,3.0124846,-5.3655987
490,12.852484,12.440761,12.167276
491,-16.244314,11.813123,-9.248449
492,0.5842958,-5.815454,5.4615355
493,1.2686247,-0.3739415,-18.381073
494,1.1708022,-11.068569,-17.343782
495,-4.147984,6.8439846,-0.43419045
496,21.527802,-3.5454173,-5.2302938
497,22.650002,-4.821373,-5.28618
498,0.885943,-9.885493,-16.901258
499,-9.491051,-4.9242587,21.188156
500,-6.355394,-3.3184423,-1.8172085
501,-8.032911,-5.1581974,19.627136
502,3.2089431,-4.3870826,-5.9806995
503,-0.2693955,-14.237115,11.224125
504,0.028652966,-10.638287,-15.372359
505,-17.545607,11.911951,-7.070212
506,-5.166459,5.9865713,0.30745265
507,22.034252,-3.2132003,-5.0735254
508,-2.5524611,-7.8046484,1.3665607
509,-1.5642303,-7.006791,1.07227
510,23.82055,-6.670994,-4.335913
511,-17.023485,18.272963,-2.3345788
512,1.0727904,22.397432,-4.8852844
513,-3.9831004,-2.4541566,-1.5769526
514,-17.300207,12.2784,-6.981535
515,-3.7676687,-1.2824897,-0.14197767
516,-1.3064084,21.083807,-2.399289
517,0.2617058,-2.6419213,18.850111
518,-11.362178,-3.0496552,13.298431
519,-15.336378,4.695657,2.0776558
520,23.342003,6.064975,-11.90626
521,-4.5143094,8.564681,-7.2993646
522,13.405731,11.939378,15.305098
523,-0.7996919,-22.382603,-5.98033
524,-0.83098304,-6.9442763,-5.927794
525,-13.470496,12.326771,-7.6280556
526,-2.6455805,25.62967,-1.9758782
527,-0.71006113,-4.084986,19.882978
528,-8.164941,-1.1464086,14.10801
529,-15.857313,3.4518304,3.4252348
530,21.897278,5.47963,-12.957025
531,-7.081839,10.743626,-5.9279933
532,14.341144,14.1857,17.1357
533,0.8521042,-19.857262,-9.975711
534,-1.644154,-5.492798,-4.6437697
535,-14.96651,17.862263,-3.2345507
536,-2.781634,21.218237,-2.6080506
537,-0.4370246,-2.733015,20.499258
538,-8.54459,-1.1573163,14.274655
539,-14.945695,3.7603538,4.4238853
540,25.820139,6.0130672,-9.389239
541,-6.5484133,8.730282,-6.4007883
542,14.786654,13.182605,15.826936
543,1.25492,-17.029451,-15.177891
544,-1.7572175,-4.7221317,-4.2521996
545,-13.534863,10.731579,-6.1883616
546,-1.7375791,20.822502,-2.2759225
547,-4.4898195,-9.368805,-4.5679913
548,-3.6976092,6.4814796,-5.04847
549,-7.7964435,9.728816,-6.135964
550,13.256109,11.649263,17.12013
551,-7.243741,9.326465,-6.7175474
552,-1.3616419,25.923353,-3.2757535
553,-18.399422,18.099277,-3.4290795
554,-1.5937756,-6.3986654,-5.810677
555,-13.276192,11.234681,-7.372101
556,-1.2291794,-4.666565,-4.8733244
557,22.718227,6.0150065,-9.802972
558,-0.3067721,-3.6518211,20.831366
559,-1.1439009,-18.525005,-13.626268
560,1.1845986,-19.289953,-11.3910675
561,-16.1491,4.3593044,2.3294208
562,-6.3735805,9.155175,-6.023815
563,1.0071899,-2.4672256,20.913525
564,-0.06371491,22.007692,-1.2907165
565,1.0198084,26.361723,-7.1609063
566,-8.174107,-3.560436,13.542908
567,-7.637801,-3.1908548,13.744054
568,0.11569632,-20.655455,-7.28623
569,-0.6921053,-3.58757,-4.7369494
570,-9.516425,-4.043912,14.146024
571,-0.7971499,19.294722,-3.7029715
572,-0.72505707,-3.4951549,21.20446
573,-7.6064525,-3.2379503,13.798794
574,12.000532,10.794206,17.59999
575,-15.982848,5.5358486,2.6669984
576,-17.384535,1.7624307,3.537688
577,2.3464327,-16.796593,-15.137754
578,-14.103231,4.4466486,3.0985878
579,-15.504592,4.5228615,2.8678117
580,23.092775,3.9430597,-10.361838
581,13.0979185,12.796865,17.896544
582,13.246864,11.72948,15.918849
583,13.760882,14.139611,17.72627
584,22.682692,5.4122777,-12.869244
585,-15.47483,17.043453,-2.8619232
586,1.0867431,-3.1934025,20.624706
587,-5.718477,8.416985,-5.468327
588,2.6266859,19.102936,-1.6606637
589,-13.822954,13.67532,-5.0574684
590,-6.99467,11.07771,-6.741942
591,-9.420241,-1.5892776,14.68503
592,-0.37671462,-4.232631,-5.220242
593,-13.346511,-5.3407526,20.44028
594,-2.020255,22.95165,-2.2420971
595,-2.0684915,20.469566,-1.7538649
596,0.21451724,-2.3966234,21.086357
597,-0.4783458,-19.87583,-9.346699
598,13.071461,12.865757,17.861279
599,-15.898343,5.565863,3.0145066
600,-10.543248,-5.3655,22.915731
601,0.9533904,-3.0230613,20.265514
602,0.7574308,-20.383713,-11.1296835
603,23.602633,6.76121,-12.057563
604,12.0815525,10.462551,17.5688
605,-14.721142,3.4023478,2.952749
606,0.038061287,-2.159763,21.493437
607,-14.97279,3.9055479,3.7584472
608,-13.573647,11.566125,-7.362727
609,0.7140818,-2.5177753,19.248686
610,-2.7475035,-18.87153,-10.508658
611,13.247426,12.043601,15.2823715
612,-1.1953291,-4.899045,-5.0744553
613,23.324984,6.2715826,-10.3809
614,-16.414604,4.046617,2.9305794
615,10.781183,-15.529654,5.854598
616,22.869528,6.8544226,-10.770973
617,-3.4045558,20.566381,-2.532217
618,-8.236509,9.094391,-6.184666
619,-16.167953,3.8717873,3.026789
620,13.89205,11.2273445,15.710605
621,-13.4239235,11.387688,-7.21643
622,12.235407,11.577771,16.758074
623,1.0071514,-2.062954,17.939789
624,-0.85536486,-19.242292,-11.103212
625,-5.4320216,9.000563,-5.008105
626,25.380156,7.377431,-9.022244
627,23.2008,3.4379685,-10.234092
628,-3.0452337,-20.836222,-6.9153323
629,-7.760377,-2.3031776,13.98726
630,-2.558757,-6.360983,-5.976579
631,-12.15943,-6.135422,18.384094
632,-7.3848786,-3.4959028,13.838581
633,-4.1968465,8.393092,-7.8428884
634,1.231018,-19.43416,-10.802105
635,-17.459259,11.521141,-4.409131
636,-6.8583217,10.489132,-6.1131067
637,23.465601,6.777295,-12.6160345
638,-0.741047,-6.447048,-6.1605735
639,-0.8085266,-4.615596,-5.7920403
640,22.494911,6.488542,-11.871004
641,-15.9808855,16.668633,-3.8907473
642,-1.1613321,21.611237,-2.5646486
643,-0.9845786,-4.386903,-5.4416227
644,-18.80863,10.556749,-6.905557
645,-1.4826614,-6.2221594,-5.8269243
646,2.8620076,18.80019,-6.1392994
647,8.843746,-18.813364,6.587897
648,-11.742395,-11.5738535,18.797422
649,-23.709888,-1.0773857,-1.5939834
650,21.696999,-6.365294,-6.968075
651,-2.398527,10.297242,-6.2711134
652,20.065973,12.83736,15.703958
653,-0.77936476,-20.124138,-11.145588
654,-5.2289495,-4.168967,0.5274608
655,1.934002,-5.3754625,-18.750967
656,-3.1467462,18.5583,-6.2635026
657,10.695755,-16.729422,7.8370347
658,-10.625957,-11.184757,18.239063
659,-24.739258,0.16729297,-1.0582718
660,22.138472,-7.000575,-7.035909
661,0.17136024,-12.149552,12.491535
662,19.738338,13.314126,15.077285
663,2.4823637,-17.170427,-15.201171
664,-3.4550354,-4.787664,3.0585656
665,3.751124,-5.272689,-19.084894
666,3.410283,18.919882,-5.675103
667,10.246929,-16.860287,8.271148
668,-11.60721,-9.480209,18.037783
669,-22.942263,-2.1733234,-2.3202815
670,21.26873,-3.7331297,-3.9127996
671,0.46635044,-12.427493,12.3555565
672,19.58409,13.991847,15.192733
673,2.2873745,-16.551167,-18.683268
674,-5.474604,-4.41146,0.3562324
675,2.668019,-5.904195,-19.73843
676,0.4023191,19.769478,-4.9521084
677,4.1124387,-4.886262,-19.041227
678,22.548271,5.092924,-4.674065
679,0.7290659,-15.146301,11.051166
680,20.768957,16.00723,15.278203
681,1.2060726,-11.636888,11.734598
682,3.6670408,23.77648,-5.2760267
683,1.9349374,-2.9203608,-18.662905
684,-2.8850904,-4.5589776,1.78989
685,3.2979097,-5.058098,-19.08398
686,-3.2686138,-4.4720244,1.5539439
687,20.95308,-5.1646457,-7.5483813
688,8.627633,-17.91478,2.7971125
689,1.4680141,-16.81027,-18.942911
690,1.4172167,-16.660622,-18.990438
691,-23.410908,0.1577611,4.394579
692,0.12370478,-13.618493,11.449149
693,8.681441,-17.847187,2.8687239
694,3.6018412,21.42986,-4.78933
695,-2.237449,19.002172,-4.6754365
696,-12.204518,-9.553849,15.03472
697,-11.35211,-10.630306,16.661541
698,1.0268959,-17.981256,-15.931278
699,-2.5581114,-5.246978,2.6668825
700,-12.417956,-10.002088,14.2890415
701,7.729775,19.731792,-3.9464672
702,10.997966,-21.675653,4.5908446
703,-12.414937,-9.78558,14.298724
704,21.34287,13.6797495,16.277315
705,-23.834265,-0.17631961,0.3436667
706,-23.702524,-1.018167,-0.98790085
707,1.3847479,-16.805084,-16.276552
708,-24.143045,0.58547336,0.68606013
709,-21.38555,-1.366325,-0.89220005
710,20.62131,-4.7077456,-8.003214
711,18.5527,16.187624,16.348248
712,19.16718,12.332261,12.952112
713,19.848808,17.177343,16.500795
714,22.721266,-6.3031235,-6.7097945
715,2.9831479,-5.0886416,-19.701834
716,7.885199,-17.69646,7.716621
717,-2.53649,11.706589,-0.6836432
718,3.722997,20.856169,-5.1061125
719,3.560987,-3.883069,-19.538523
720,-2.3373127,11.876729,-0.5697818
721,-11.868109,-10.042686,15.715562
722,-7.1788383,-2.364312,-1.2460726
723,-9.879286,-11.072702,18.86113
724,4.530177,20.46089,-7.069266
725,1.5601072,20.381289,-4.582546
726,10.738655,-21.82186,4.296473
727,0.8079976,-18.105116,-16.68977
728,19.085781,13.818906,14.625441
729,-24.261515,-0.61286354,-0.66310865
730,-13.57115,-9.062551,23.469599
731,7.615711,-16.888063,8.716034
732,2.0156076,-16.811953,-18.639208
733,22.562721,-6.112886,-7.3275576
734,17.775606,8.487909,15.226746
735,-25.060198,0.4247263,0.36418733
736,8.497224,-16.34471,8.699422
737,-17.331717,-1.5307904,-4.5369916
738,2.871335,-4.1982656,-20.110188
739,8.588167,-17.204195,7.1705904
740,0.8085669,-17.724077,-16.974031
741,18.451344,16.759052,15.654794
742,-0.8658143,-4.689433,1.3919
743,22.633654,6.876333,-11.3338785
744,-17.412716,-1.4961714,-4.5281224
745,7.415763,-17.799845,7.602753
746,19.39309,5.308097,-13.822561
747,3.1496549,21.37247,-3.1293075
748,-4.209201,11.511828,-2.7140532
749,-22.090063,-2.4462976,-2.43756
750,16.979963,8.702383,14.743088
751,4.1399612,-5.825437,-19.135054
752,17.253021,8.639395,14.522102
753,7.5856376,-18.699974,6.6837687
754,1.2427806,-18.081066,-17.111479
755,0.38415036,-13.342302,10.942181
756,25.45642,7.5121646,-9.047238
757,19.06258,4.493368,-13.524733
758,0.88242984,-18.024624,-17.98342
759,-12.476068,-10.8094845,17.92302
760,0.022348557,-6.243432,4.2575445
761,-12.642911,-10.923657,17.53367
762,-11.972749,-10.622154,18.583298
763,1.7765948,-13.691251,11.88954
764,0.12158049,-19.157494,-11.291154
765,3.0662851,-5.4116516,-18.516424
766,4.207256,-12.565289,11.094672
767,25.718718,6.86554,-7.944097
768,-5.3820825,-2.9480913,-1.2606694
769,2.019558,-7.700225,3.8384728
770,19.232422,4.8201957,-13.638711
771,1.9637537,-4.9492254,-19.21173
772,2.7497666,21.701838,-5.424113
773,-4.9841986,-4.8150682,0.5468307
774,2.514943,-4.5459495,-17.80853
775,-1.7757707,-5.718225,2.7289417
776,-3.68177,24.03532,-6.516753
777,10.832651,-22.85297,7.5049314
778,-12.038866,-8.143497,22.024254
779,-17.963446,-2.568414,-4.0551314
780,27.530088,4.1401067,-7.8450184
781,-1.4844315,-15.79171,8.505816
782,11.574441,13.53344,8.355108
783,-3.1187198,-16.242598,-13.206927
784,-2.7293785,-0.9847718,5.8059793
785,-18.100353,11.104273,-3.7364185
786,0.00586787,24.373695,-7.628783
787,12.433142,-22.981636,5.6181126
788,-10.960244,-7.2016463,20.88996
789,-19.07193,-1.3225051,-1.8221252
790,24.80237,3.4592757,-6.881042
791,2.6098678,-14.232092,7.975481
792,11.110799,13.917784,7.791952
793,-2.5636637,-19.979336,-11.018828
794,2.4770124,2.6922696,-16.01025
795,-18.782558,17.892614,-4.822549
796,-0.51183575,20.642618,-8.392254
797,10.851904,-21.747423,5.36544
798,-12.652956,-8.995918,23.252241
799,-18.44052,-0.08313445,-0.38779983
800,26.187542,4.098469,-9.765619
801,2.4273865,-13.908341,8.847551
802,12.065027,12.442801,10.568436
803,-2.9277759,-17.81355,-10.358364
804,0.35567456,-5.8721395,3.0801938
805,-19.363638,10.350787,-7.020854
806,0.368674,22.669256,-6.487696
807,-18.324814,17.51019,-4.1607885
808,-1.1087768,-15.613759,6.098915
809,1.6757852,-13.665115,10.782334
810,14.047441,18.08816,14.031851
811,-1.1716278,-15.854032,8.153404
812,0.6049597,22.052704,-6.125976
813,-16.066296,6.3544493,2.3044066
814,-6.670068,-0.08877339,0.17115243
815,-17.086437,16.806522,-3.7352316
816,-5.459771,-0.3139895,-4.6744246
817,25.314941,1.2935435,-7.3158965
818,10.125903,-16.219818,4.7196665
819,-4.1041455,-18.375515,-8.029458
820,-2.6257772,-16.36408,-13.872068
821,-17.12674,-0.8417951,0.058943667
822,-0.07502387,-15.228862,8.491396
823,9.422569,-17.745602,6.121697
824,2.7856314,17.767763,-3.7573552
825,2.0005095,19.67955,-7.3805285
826,-11.22605,-9.779325,20.404968
827,-10.24903,-8.367398,24.627108
828,-5.5328064,-19.134516,-7.652754
829,-5.36388,-0.0657536,-4.927384
830,-13.050596,-9.33049,22.722118
831,1.8960971,17.750988,-6.707322
832,-2.403149,-4.094827,20.957169
833,-7.972373,-7.2600355,20.920958
834,13.549586,10.002713,12.915197
835,-16.9345,-1.6318662,-0.72179514
836,-16.791616,-1.9191389,-0.5960324
837,-3.2878397,-17.873531,-11.794711
838,-23.99461,-1.94319,2.9918594
839,-23.946491,-2.446068,3.1314588
840,23.804604,4.028145,-8.037709
841,12.88634,12.677153,12.882704
842,13.914042,18.184134,13.9628315
843,11.552265,13.452503,8.24076
844,26.017126,4.2355747,-8.541964
845,-19.88717,10.633291,-6.392792
846,9.610963,-20.00107,3.6592944
847,-0.6931883,-15.714819,6.2589107
848,5.704071,20.599981,-5.40525
849,-17.98501,13.891515,-7.7038155
850,0.08907837,-15.910071,7.1644273
851,-12.264445,-8.833301,24.107147
852,-1.3478082,-2.4038665,-0.68414605
853,-10.847767,-8.02662,24.270107
854,5.971446,19.124416,-4.6709485
855,-1.1753033,24.577602,-5.7126646
856,10.971847,-16.727402,9.139162
857,-3.8324409,-18.252653,-12.482102
858,15.667092,16.020836,12.582667
859,-19.364864,-1.1125127,1.2282369
860,-13.745291,-7.24198,15.123494
861,8.209854,-19.943916,6.6545897
862,1.8518443,-17.113426,-12.826533
863,26.209276,-0.44891015,-6.044482
864,12.352854,12.97829,9.252575
865,-18.477184,-0.61642027,-2.8875601
866,9.106405,-20.895308,8.221966
867,-19.26888,0.14860463,-1.5445684
868,-18.74554,17.46356,-3.5407481
869,11.116088,-19.790573,7.9200854
870,-4.9021783,-18.66991,-8.34998
871,13.946388,15.68629,14.775805
872,-2.6529365,-1.1089805,5.7412333
873,27.019882,5.051176,-8.089442
874,-17.266258,-0.10322872,-2.0926943
875,10.311713,-21.481113,6.792541
876,28.767687,2.2978518,-6.2858286
877,-1.5828855,22.141977,-6.154905
878,-1.7601311,-14.830848,7.1422057
879,-18.1776,-3.2571635,0.88674086
880,14.790244,7.934757,11.762823
881,-19.598644,9.743003,-5.1800966
882,19.710903,15.189879,16.48089
883,9.387079,-20.762423,3.9611714
884,-4.5829334,-19.40257,-11.755318
885,1.6510533,-13.502906,9.630161
886,26.170322,4.5626636,-8.952822
887,24.37946,2.267475,-6.17506
888,-3.5602338,-18.222122,-12.117818
889,-11.659001,-8.597812,24.277277
890,-7.1392894,-0.7212826,-5.8888063
891,-2.2407768,-13.012969,-19.030897
892,-12.774685,-10.17649,18.793407
893,-2.9014494,-15.192394,7.6883173
894,-0.82013875,-22.284313,-7.492061
895,-17.598028,17.48637,-2.203369
896,1.8718259,-14.171548,8.519267
897,27.39906,4.0792394,-7.7983165
898,-7.009032,-0.5980999,-5.615665
899,-5.7307076,-8.397146,-1.9653906
900,27.85327,1.7470961,-6.169951
901,-17.192995,17.607244,-2.11949
902,0.783142,19.564438,-1.5960238
903,-7.350936,-1.0123677,-6.0686216
904,-18.383835,16.009985,-1.4649825
905,-2.7252448,-0.7928621,6.068618
906,-1.6374121,-4.369124,20.734154
907,-13.117904,-5.0611596,19.030779
908,-18.360546,4.093183,-0.6152578
909,24.65839,-1.2792495,-6.427713
910,-5.058027,8.466865,-4.849983
911,19.13789,14.915541,17.730362
912,-2.3411605,-12.307587,-13.597333
913,-4.3492846,-3.1638832,1.8628056
914,-17.20113,9.224857,-2.6889937
915,-2.447378,25.53579,-3.1660168
916,-2.2319446,-3.7784169,20.594946
917,-7.97041,-7.0522623,23.044104
918,-19.276018,2.5407789,-2.3263524
919,24.938032,-1.5121891,-6.089059
920,-9.435767,8.312064,-5.15723
921,20.528706,15.712352,17.133003
922,-3.135962,-12.527873,-11.849518
923,-5.5377145,-2.124873,1.5197914
924,-16.271755,10.416384,-4.3737116
925,-1.9908758,25.265476,-3.3520753
926,-1.76801,-4.5641665,21.410082
927,-11.561039,-5.3025866,18.462566
928,-20.74287,1.2193072,-3.6530988
929,20.414068,-1.2882054,-6.63767
930,-10.9801655,9.460521,-4.590711
931,18.130419,16.631916,17.173002
932,-1.8542104,-12.932557,-14.024593
933,-5.4947386,-2.977977,2.1267
934,-16.435165,9.715466,-3.3443239
935,0.071514875,23.07687,-2.875354
936,-18.550842,12.734158,-1.7775196
937,-9.787784,9.153706,-3.6317391
938,-7.4111433,8.043546,-4.535541
939,16.757362,14.107034,16.664888
940,-10.594705,9.181092,-4.3505063
941,-2.8113663,24.346046,-4.6019926
942,-17.101938,8.779359,-5.09641
943,-5.2220187,-3.1527917,1.0542701
944,-17.424242,11.060193,-2.637809
945,-4.4421988,-1.2120674,0.59732884
946,20.505037,-1.2534406,-9.440677
947,0.57253456,-2.2859037,17.461954
948,-2.7582388,-13.5025425,-11.54756
949,-0.20889698,-13.798393,-14.463063
950,-21.411959,1.3176987,-4.2495294
951,-11.198122,7.6340394,-4.299852
952,-0.9138068,-3.5349414,18.34271
953,-10.729545,-4.8129725,18.39261
954,-2.7919068,-12.959387,-11.78572
955,-5.977372,-1.8651,1.4928713
956,-11.028283,-2.2849696,15.569684
957,-1.2684761,24.45456,-4.989272
958,-1.2797544,-3.7743032,19.041836
959,-9.592222,-4.05259,16.179262
960,19.364399,15.110199,17.965202
961,-18.102419,1.8163257,-1.4461699
962,-19.444727,2.610636,-1.9425001
963,-1.2229627,-13.0156355,-12.658842
964,-18.438704,5.1894336,-0.9412865
965,-20.396736,4.546905,-2.7585058
966,19.52853,-1.3211107,-7.0710793
967,16.075243,14.14735,16.403765
968,16.871603,14.714966,17.16491
969,18.526285,14.7642145,17.425764
970,20.512077,-1.3297354,-6.5885835
971,-17.920538,9.103031,-3.181001
972,0.17497164,-2.5019977,17.897203
973,-7.8221135,7.7822366,-4.3509727
974,-2.8582056,25.04892,-4.50242
975,-17.029173,9.255755,-2.777949
976,-9.056868,8.8632,-4.098748
977,-11.644793,-3.252505,15.969488
978,-4.3849254,-2.772712,-1.2930683
979,-10.522838,-2.8032556,15.44344
980,-3.6826198,24.06606,-6.4737487
981,-0.65402234,26.366814,-5.171435
982,-1.0381112,-2.9564364,18.670631
983,-2.0951972,-16.650406,-13.043072
984,17.893103,15.379137,17.277447
985,-18.409538,5.8065653,-1.0728835
986,-9.992041,-5.4635367,19.771532
987,-1.6551759,-3.9240966,20.836136
988,29.642014,-0.24325112,-6.3903437
989,16.762228,10.935743,13.594453
990,-18.375738,3.930068,-0.29684576
991,-0.65950847,-3.1843355,19.091106
992,-19.143948,5.530644,-2.0474849
993,-17.365295,8.848817,-4.955705
994,0.3739758,-3.2763908,18.059824
995,-1.4490347,-12.915366,-12.675588
996,16.416937,13.620468,13.303084
997,-6.0657754,-0.13850628,-1.7747519
998,19.419004,-1.3049564,-7.118138
999,-17.179613,0.9104948,-1.0738709
1000,0.17790294,-3.1782744,17.702084
1001,25.163782,-2.6311448,-4.5083117
1002,-2.266648,23.386168,-4.394946
1003,-5.2384944,7.5070405,-3.7239428
1004,-20.4089,4.4234304,-2.6703916
1005,17.845226,16.157663,15.666975
1006,-15.590285,10.570547,-3.5667508
1007,16.612263,16.336756,14.552083
1008,-1.4977008,-3.4481547,19.614445
1009,-1.0764216,-12.924483,-13.819378
1010,-10.098996,8.31061,-3.8367023
1011,24.02399,-1.609803,-6.6748753
1012,19.517633,-0.91914266,-8.962098
1013,-2.6243613,-14.344021,-11.609287
1014,-9.299895,-4.2612314,15.482856
1015,-6.200844,-3.058648,2.1237094
1016,-11.111589,-2.2548773,14.829963
1017,-8.091515,-5.762056,18.417532
1018,-10.404226,8.67124,-4.057859
1019,-2.92675,-13.471474,-13.47518
1020,-18.815687,12.133194,-1.4970739
1021,-7.662787,8.931226,-2.8636305
1022,18.02044,-0.5760808,-10.002559
1023,19.439466,0.89922076,-10.920531
1024,-13.488622,9.984909,-4.881173
1025,-3.339037,25.884142,-4.5546575
1026,-6.4259915,-0.8975101,-0.54052484
1027,-15.941945,10.956486,-4.4324517
1028,-5.1296916,-3.437657,0.49529386
1029,-1.7986333,21.54421,-4.9177113
1030,10.309682,-17.722553,3.6911533
1031,-11.042077,-6.1464777,21.588036
1032,-19.907238,3.311296,1.2152336
1033,18.843657,-0.23348692,-10.164827
1034,-0.98501015,-16.129032,11.308053
1035,18.919378,17.38651,15.467432
1036,-2.2590525,-15.600907,-10.003838
1037,-2.8108099,-6.550164,4.7508464
1038,-22.949833,-0.4622301,-5.20651
1039,2.3805912,23.798758,-3.9384105
1040,10.904222,-18.699581,4.9822206
1041,-9.835761,-6.623347,14.252743
1042,-19.669893,3.508941,1.854714
1043,18.614023,-0.61819416,-9.674319
1044,-3.5104973,4.510788,-4.5475345
1045,15.253312,17.61546,15.08586
1046,-2.5995932,-14.5217085,-11.7350025
1047,-3.820237,-10.376671,2.630531
1048,-13.569292,9.329564,-1.5569562
1049,0.40082332,26.211567,-1.1532918
1050,11.632483,-21.2714,7.688312
1051,-11.329457,-3.3978949,15.517335
1052,-21.17983,1.5716196,2.3581543
1053,19.953047,-0.45342192,-9.853501
1054,-5.256763,6.8389406,-6.0972533
1055,17.249918,13.268118,16.655287
1056,-2.8742654,-15.1241045,-9.272538
1057,-6.5841794,-8.092718,1.5667981
1058,-12.277722,9.669536,-2.5120797
1059,-0.6403236,24.686176,-2.472194
1060,-15.493971,16.739784,-8.167444
1061,-1.7745149,-15.970365,12.03397
1062,-0.46192306,-18.008463,11.432676
1063,16.138155,9.0425205,12.2818365
1064,-1.7457067,-16.006851,12.107685
1065,3.1815226,23.797337,-2.3112512
1066,-13.551932,9.099584,-2.175819
1067,-7.145583,-6.3398724,2.20323
1068,-15.281266,16.696924,-7.6882277
1069,-2.025068,-6.772004,-0.84110963
1070,18.767786,-0.9772391,-8.704651
1071,8.574206,-18.118202,5.0018363
1072,-1.9266812,-13.817923,-9.784818
1073,-3.9752269,-15.253747,-10.771581
1074,-22.866161,0.5122815,2.6495075
1075,-3.7667158,7.44888,-3.2129831
1076,11.209876,-20.199987,8.560727
1077,1.7114954,27.44948,-1.1883401
1078,1.5601971,27.500895,-1.2196287
1079,-2.4245784,-14.624812,-9.075371
1080,-3.7126582,-10.678967,2.5492587
1081,-12.305481,-4.349036,14.438562
1082,1.1406083,25.175142,-7.729505
1083,8.168159,-17.7462,8.891947
1084,-11.29515,-3.9451325,15.093823
1085,12.676974,9.966045,14.835685
1086,-22.529427,1.9134072,1.5885322
1087,-22.64783,-0.23310402,2.3388875
1088,-1.743803,-13.709693,-8.011351
1089,-22.702091,2.005652,-0.42212024
1090,-22.416063,1.55604,1.7649417
1091,19.819782,0.3195347,-11.076682
1092,20.437212,11.808169,15.690855
1093,17.590485,11.420359,12.007884
1094,18.235357,11.292958,14.610924
1095,19.68128,2.524196,-13.23531
1096,-13.485025,9.509987,-1.4552732
1097,11.555745,-21.816813,8.0097
1098,-1.4150015,10.028983,-2.858834
1099,-0.8302477,23.481012,-2.9065723
1100,-2.995465,-8.56368,5.288993
1101,0.5290511,-15.277012,10.920747
1102,-9.661423,-1.6998998,17.093378
1103,-6.7214084,-7.226175,2.1185303
1104,-13.612703,-3.7733324,13.496232
1105,1.370004,25.265331,-7.9654884
1106,0.66548926,26.50803,-7.262504
1107,10.687627,-18.601486,9.090368
1108,-1.4606969,-17.070238,-7.8130717
1109,16.404772,8.356257,15.427725
1110,-20.973255,3.1284466,1.3012253
1111,-9.879242,-4.81784,17.240808
1112,12.114326,-21.650093,6.9820943
1113,-1.6984284,-13.60988,-7.8289847
1114,19.528366,-0.3363609,-10.609439
1115,20.216702,11.81159,15.497954
1116,-21.051056,3.3374028,1.2883903
1117,8.285882,-19.216473,4.3117557
1118,-1.4716597,-16.497305,-17.932161
1119,-13.544672,8.98406,-2.5465593
1120,10.343127,-20.532879,6.1130476
1121,-3.4121284,-14.305052,-10.846852
1122,18.075287,13.296269,12.589878
1123,-6.4745884,-7.288777,2.1721382
1124,19.463053,0.8833746,-12.022832
1125,-20.894173,3.1095896,2.2809966
1126,8.835735,-19.919104,9.533593
1127,22.036137,0.09271948,-10.7849245
1128,-2.148189,21.780794,-4.229066
1129,-2.580321,-13.689729,11.99645
1130,-22.792145,2.9722483,1.6723254
1131,13.1777115,7.3477907,16.438303
1132,-14.016226,11.444428,-0.5487715
1133,17.61277,14.49682,13.25261
1134,10.814891,-19.535608,8.759507
1135,2.3764405,-19.107216,-9.701155
1136,-1.9567789,10.910516,-2.9558218
1137,23.380577,-1.0566125,-8.732214
1138,19.648045,-0.65156484,-10.797097
1139,-2.128678,-16.838572,-8.251453
1140,-8.612477,-5.4738092,18.714495
1141,-3.1926918,-7.9783807,4.3853626
1142,-9.796113,-6.5407543,14.270313
1143,-11.551266,-2.7444515,13.845501
1144,-0.71880203,-16.422947,11.00328
1145,-1.736637,-14.824239,-9.0953865
1146,-20.618322,13.866107,-7.3868036
1147,-1.842777,10.827385,-2.0259142
1148,22.119638,-0.06734623,-9.90324
1149,-7.8130074,-6.514627,2.7050436
1150,-3.001977,-10.48666,-1.8489217
1151,19.32265,0.93283135,-12.321039
1152,-13.661409,8.672773,-0.95888454
1153,-0.6685589,26.467768,-2.98402
1154,-6.165758,-9.186041,2.1487842
1155,-13.664187,12.467642,-0.077977456
1156,-6.3850846,-8.439092,1.8990977
1157,0.13071214,22.04404,-3.512647
1158,1.4367495,2.3958013,-17.663385
1159,-11.528176,-7.5218444,21.908684
1160,-21.787155,1.8628392,-0.42268708
1161,22.67129,1.1529373,-9.516147
1162,-4.838119,11.175842,-1.3260978
1163,17.240164,17.442421,16.924238
1164,0.4316281,-20.146523,-7.8699846
1165,-5.519363,-1.8733472,2.9224
1166,-15.27538,14.025922,-9.198956
1167,-1.9711651,20.626904,-5.7396
1168,1.9972641,2.0624323,-17.751785
1169,-12.910482,-5.0161314,18.179459
1170,-21.840492,-0.9238509,1.7971807
1171,25.576605,-0.4598393,-5.4845414
1172,-4.3481526,11.580941,-2.8880088
1173,14.061257,10.734907,17.081785
1174,0.7997122,-17.149454,-12.423235
1175,1.0251951,-9.611948,3.2622495
1176,-20.863916,9.7922,-2.7622976
1177,-0.5814804,19.498802,-5.849091
1178,11.863168,-18.811651,12.012463
1179,-12.369169,-9.191598,17.438133
1180,-21.808443,3.099496,3.4921942
1181,22.679836,5.100737,-9.319605
1182,2.8982687,-13.305742,8.561333
1183,17.227737,11.588138,13.201067
1184,2.5200093,-17.168108,-15.751945
1185,0.13047165,-9.725932,2.4447792
1186,-15.735352,14.2013445,-9.395862
1187,-3.3823802,19.586157,-6.650922
1188,-14.960037,13.899406,-5.3255014
1189,-3.449908,8.878763,-2.8917534
1190,-3.0746963,-15.122191,7.675697
1191,17.881826,11.505613,14.51659
1192,-1.4737549,-16.066244,8.767589
1193,-0.48874107,18.044846,-7.759495
1194,-14.814239,15.333102,-5.1833572
1195,-2.1503606,-10.213785,4.741132
1196,-14.545686,13.368198,-5.1346626
1197,-0.35421112,-11.907743,2.7198703
1198,25.013638,-1.1180502,-5.846603
1199,10.055206,-19.8069,5.124135
1200,-0.8003302,-19.470076,-7.320523
1201,0.7070324,-19.792677,-8.714107
1202,-5.2860546,-15.188611,1.2713901
1203,-2.925215,11.850142,-0.9016864
1204,13.366328,-19.318329,12.169154
1205,-0.4006126,17.035475,-7.2967105
1206,-0.6188217,17.709,-7.534897
1207,-12.536945,-6.7751055,16.460135
1208,-11.700901,-10.00459,18.317537
1209,-0.7974449,-19.693043,-10.2989025
1210,-0.48909724,-8.531743,5.5345364
1211,-13.195844,-8.56498,21.911264
1212,-3.5664852,19.840315,-5.86092
1213,11.179966,-23.470076,8.834447
1214,-12.431066,-7.396026,18.58947
1215,13.766974,12.283601,10.017733
1216,-22.040733,3.0138178,3.7336402
1217,-19.570564,-2.09367,3.3024592
1218,1.221237,-20.696314,-7.431129
1219,-21.15346,-2.9373739,4.5819325
1220,-22.484772,-1.1686221,2.7387304
1221,27.242573,1.7155156,-5.8266478
1222,17.611017,12.070058,12.107969
1223,14.572488,11.076118,14.097011
1224,14.7440815,10.826063,14.562476
1225,22.4545,-0.5042367,-9.023962
1226,-20.528042,14.24195,-5.1159534
1227,9.939736,-18.924526,8.93154
1228,1.2494435,-12.757826,12.139271
1229,-2.6924622,19.135012,-7.283572
1230,-16.387806,16.013788,-7.1385083
1231,-3.8387647,10.17173,-1.9837699
1232,-14.166997,-7.0532002,18.245016
1233,-2.3494859,-9.937026,4.25655
1234,-13.688868,-7.078193,15.402826
1235,-3.2263272,18.856546,-6.4709883
1236,-3.2344484,19.849644,-6.1270514
1237,10.996046,-22.109642,7.300212
1238,-0.6293977,-19.85309,-7.269529
1239,16.473343,13.116425,12.133601
1240,-19.948147,-4.095725,4.241264
1241,-14.796394,-8.087526,19.270191
1242,12.688698,-19.523159,12.307127
1243,-2.5272427,-20.936766,-6.9408035
1244,23.86587,0.085331574,-7.0911164
1245,16.944544,12.50588,11.539369
1246,-21.013586,-3.381801,2.8552406
1247,9.710942,-19.917046,8.633133
1248,-19.622799,0.88275576,1.8546641
1249,-14.042496,13.761274,-5.3166823
1250,9.599022,-19.515297,8.665033
1251,-2.036296,-20.589613,-10.454943
1252,17.214834,12.233228,11.398707
1253,-2.454059,-10.717851,2.915224
1254,23.504255,1.092014,-7.4673944
1255,-19.26905,-0.9335639,1.2594366
1256,8.389216,-18.53501,10.114408
1257,26.136873,1.2836957,-8.516814
1258,2.3022256,18.356636,-2.9587085
1259,2.5305238,-13.643959,7.382683
1260,-19.912985,-4.2415,4.471171
1261,13.936131,12.001334,14.109965
1262,-16.883608,15.927755,-6.355428
1263,16.400661,12.169448,10.571719
1264,10.739128,-18.44313,12.591289
1265,0.42712125,-20.163229,-6.683462
1266,1.763109,-12.38815,8.281144
1267,26.4444,0.21860746,-7.383021
1268,23.527678,-0.70982784,-9.507058
1269,2.3068335,-18.018011,-14.720997
1270,-13.194744,-9.515058,23.490347
1271,-2.2034862,-2.0004354,5.0809255
1272,-14.725815,-8.51622,20.895977
1273,-14.262452,-7.5489902,18.20663
1274,4.231037,-12.478844,11.430565
1275,3.3145802,-17.956692,-12.861531
1276,-16.939142,15.760969,-6.9730873
1277,-0.58820885,-12.672519,9.888196
1278,23.932999,0.9340644,-5.640963
1279,0.55493563,-10.533771,2.159559
1280,-1.2038823,-11.242188,1.3854064
1281,22.514858,0.76581275,-13.331663
1282,-18.32216,14.093568,-2.0045712
1283,-3.3871522,18.203897,-6.8810616
1284,-0.9877722,-10.310836,0.54901
1285,-15.012602,16.320095,-6.711614
1286,-2.0917697,-10.357364,1.2629095
1287,0.25202313,26.242107,-0.98948336
1288,-2.0305629,-0.38112503,-19.553604
1289,-12.297414,-4.879776,13.424664
1290,-20.486227,-0.108743034,2.955184
1291,28.91934,0.86928785,-5.946584
1292,-6.495765,10.553913,-3.1806014
1293,16.168436,9.81826,9.681469
1294,-1.6273671,-20.010418,-6.7937784
1295,0.04998469,-6.8746862,1.8269414
1296,-15.261732,10.85086,-4.8884296
1297,2.241369,20.138206,-1.6383326
1298,12.91708,-19.234083,12.081095
1299,-11.794044,-1.5085522,13.706501
1300,-23.004702,-0.5656381,2.5407522
1301,29.434998,0.5912576,-6.129379
1302,-5.2387834,9.290597,-2.9033825
1303,16.721525,9.62489,10.446264
1304,-2.9654644,-16.598892,-14.743874
1305,1.1534764,-7.682717,2.8731647
1306,-15.214644,12.993919,-3.7270136
1307,2.3298666,21.965689,-1.651297
1308,3.3645945,-2.311205,-21.480661
1309,-12.373618,-4.0376987,13.039395
1310,-21.204784,2.0338223,-2.6652389
1311,29.64799,0.7411211,-5.762446
1312,-2.9699712,10.667627,-1.2720362
1313,16.942057,12.040279,8.956895
1314,-0.89454126,-16.849968,-10.521692
1315,-0.4685948,-9.099433,2.2540708
1316,-14.711892,13.863115,-4.264453
1317,1.6909102,27.197777,-6.3904247
1318,-16.287825,14.541857,-3.6273658
1319,-4.0384183,9.231075,-0.96117276
1320,-2.9573157,9.574353,-0.7533562
1321,16.541237,11.798508,9.625361
1322,-3.3566082,5.997327,-3.6582894
1323,5.666681,18.905487,-3.5182052
1324,-17.924774,13.735441,-4.786354
1325,-1.0148467,-9.426834,0.39407557
1326,-13.717432,13.143935,-6.2183
1327,0.33779177,-7.0947437,0.53208196
1328,28.30884,0.62373674,-6.115311
1329,10.954276,-22.88885,9.119589
1330,-3.0646052,-16.05291,-15.139532
1331,0.12855868,-17.525417,-10.145463
1332,-20.727709,0.92631996,0.66995054
1333,-4.1995106,9.326697,-0.73602986
1334,11.738057,-22.89865,7.6871977
1335,3.1366148,20.616268,-3.4509895
1336,3.5421019,20.949978,-3.6252766
1337,-13.785063,-3.7311018,13.073506
1338,-13.994544,-2.7751331,12.816015
1339,-1.1977153,-16.93815,-10.571626
1340,0.24054997,-7.6971684,2.118391
1341,-13.018906,-1.5872037,12.481432
1342,1.2218325,17.343811,-6.746768
1343,0.66648275,0.7793022,-18.731413
1344,-13.472285,-3.1371188,13.369287
1345,13.190712,11.9096775,10.977781
1346,-18.41724,-3.6355379,0.9415287
1347,-23.65142,-0.5958839,0.5618375
1348,-0.034138367,-21.783005,-8.265803
1349,-23.821842,1.7042661,0.5799005
1350,-23.152302,1.863262,-0.19106653
1351,28.442781,0.39198455,-5.435471
1352,12.696485,12.132638,10.487562
1353,13.118793,12.374544,9.787362
1354,13.758079,11.742674,11.590328
1355,27.276634,0.8945805,-7.985122
1356,-19.744022,9.298537,-4.1767855
1357,10.224742,-22.293032,6.989697
1358,-4.0864096,11.307698,-1.3250346
1359,-0.43833116,20.099035,-4.0020285
1360,-16.474539,14.236261,-4.7010427
1361,13.217121,14.222745,18.128164
1362,-10.775739,-2.916327,17.416393
1363,-1.0220494,-4.868683,0.64918244
1364,-13.80716,-1.7036602,11.98447
1365,-1.7374753,21.349798,-5.491302
1366,2.8518236,22.01599,-0.6089533
1367,2.1652133,2.6597242,-17.491474
1368,0.35082832,-20.559383,-8.706179
1369,15.432142,10.74303,10.879525
1370,-20.465645,0.61523515,0.4903072
1371,-10.320431,-3.56975,14.70858
1372,12.994372,-22.911236,6.3047657
1373,-4.4278708,-18.74403,-7.914247
1374,27.489704,0.4315828,-8.324228
1375,16.909391,11.932052,9.075575
1376,-18.531687,-2.9593413,3.2743654
1377,10.952867,-23.831459,7.5775414
1378,-18.730679,1.0679687,0.06297098
1379,-17.629972,10.782649,-6.215287
1380,12.842485,-21.8489,7.9816
1381,-1.6472855,-17.807749,-14.782799
1382,16.856989,10.444597,10.8053465
1383,-2.7778986,-10.927656,1.7461847
1384,28.69833,0.17051934,-5.4568586
1385,-23.709986,0.49317136,-0.39979312
1386,10.265019,-21.115767,9.1704445
1387,23.354069,0.8418848,-8.244652
1388,2.6196895,21.13411,-1.8882538
1389,-3.0587516,-12.532855,12.294233
1390,-20.118061,0.9684915,1.4226656
1391,14.4058,11.068894,8.470706
1392,-15.223524,15.375844,-3.1744165
1393,13.615009,12.939192,8.850737
1394,10.027596,-21.747084,9.864115
1395,-3.577728,-21.312227,-10.183673
1396,-3.0955374,-14.615149,10.221243
1397,24.98352,1.098842,-4.4653635
1398,24.731644,1.1959964,-4.6514425
1399,-0.53331524,-17.829765,-15.568575
1400,-13.62657,-2.579532,14.338656
1401,-2.2741137,-10.25629,0.031470157
1402,-11.759814,-3.2387571,15.236153
1403,-12.593621,-2.8846183,14.594025
1404,-4.3150835,12.286894,-1.2005651
1405,0.3421729,-18.41847,-10.478849
1406,-14.715689,15.3201475,-3.7549152
1407,-2.5985045,5.963751,-4.5613103
1408,24.189623,1.482479,-4.6886234
1409,1.0544263,-7.4653506,0.93805194
1410,1.1587764,-7.975003,3.2177453
1411,27.35304,0.8336444,-8.113756
1412,-15.123295,16.502718,-2.1953342
1413,5.2619267,19.05212,-2.9460468
1414,-1.4184353,-10.201525,2.532454
1415,-1.875343,24.896196,-4.039733
1416,-1.1285589,-0.5364792,-19.213474
1417,-8.548055,-6.342349,21.155281
1418,-17.9629,0.8935943,-4.267175
1419,23.949654,5.7186546,-12.311633
1420,-5.8720202,9.61116,-4.880289
1421,15.727956,16.789963,15.138278
1422,-1.3997867,-13.954215,-15.279631
1423,-5.7383757,-0.16523907,-0.86677766
1424,-16.389078,13.398569,-2.1071064
1425,2.63577,26.167332,-3.5784407
1426,-0.91462535,-0.92058396,-20.464466
1427,-7.529708,-7.207248,21.881449
1428,-20.081459,2.1244054,-4.1427336
1429,25.38707,5.199322,-9.480221
1430,-7.541091,10.237945,-3.5427408
1431,15.720593,17.400372,15.199885
1432,-0.6145325,-13.908009,-16.032318
1433,-6.551596,-0.4801575,-0.7808727
1434,-18.453808,14.9619665,-1.1358073
1435,-2.956149,26.17524,-1.6868324
1436,0.67796344,0.015691716,-19.777916
1437,-8.858751,-6.5254645,20.267406
1438,-18.505026,-0.22332723,-3.6299448
1439,23.884813,5.169112,-10.437817
1440,-9.675793,10.409756,-1.5925668
1441,16.761284,17.144869,16.214834
1442,-1.2105755,-13.661777,-14.943904
1443,-6.749147,-0.39624536,-0.033405546
1444,-16.609629,12.372403,-2.3600807
1445,1.1940026,25.981958,-3.2378464
1446,-17.722902,13.241148,-3.4615793
1447,-7.260288,10.117356,-3.4070067
1448,-7.0884385,9.918352,-3.1832132
1449,14.787556,14.7885895,16.976233
1450,-7.434238,10.731999,-3.8214111
1451,1.2818886,25.21341,-3.6264112
1452,-17.740465,14.65936,-1.9059095
1453,-4.217605,-1.1113348,-1.2746838
1454,-17.754557,13.371676,-0.3955083
1455,-4.141481,-0.107492834,-1.5440489
1456,23.27053,2.9846072,-7.594311
1457,0.8517196,-1.6983216,-21.092682
1458,-2.6283286,-14.666321,-14.508274
1459,-3.398104,-13.524958,-14.682499
1460,-17.7302,-0.056609824,0.3921496
1461,-8.158246,8.502007,-5.0547123
1462,0.415268,-1.9729688,-21.603483
1463,0.4677623,24.586882,-4.508834
1464,0.44284686,24.912848,-4.244335
1465,-8.462306,-7.211499,17.882652
1466,-8.127983,-5.76787,20.494358
1467,0.39228556,-14.25019,-16.330406
1468,-4.9474473,0.23490791,-5.50451
1469,-7.6276746,-6.9885683,19.1879
1470,1.5522164,27.034517,-6.488107
1471,-1.2398978,-1.5050318,-20.825928
1472,-7.0665092,-7.287454,19.658188
1473,16.594694,18.223764,14.394858
1474,-19.945068,1.2183995,-4.342232
1475,-17.903248,2.0784206,-0.44977373
1476,-0.9650687,-15.023022,-14.781406
1477,-20.367947,2.0341933,-3.607101
1478,-20.121946,1.5463102,-0.76203686
1479,25.31478,5.575722,-10.133203
1480,17.841038,16.334457,14.78954
1481,20.188358,16.447632,17.52121
1482,16.430079,14.025861,15.057685
1483,23.695839,4.63961,-8.948854
1484,-17.047304,11.334549,-2.0628915
1485,-1.0581124,-1.7531422,-20.644987
1486,-7.78813,11.2645235,-3.0687118
1487,2.9394677,26.017792,-6.1631484
1488,-16.8448,12.643146,-0.9474092
1489,-4.703238,10.229829,-0.3760524
1490,-8.201185,-6.3812566,19.887423
1491,-5.373185,0.8195079,-2.7903085
1492,-7.756308,-6.765425,19.14295
1493,2.0914633,27.091885,-6.2144575
1494,-0.07331832,24.430607,-4.422424
1495,-0.9328323,-2.3698642,-21.038094
1496,-2.9435556,-15.299126,-15.607451
1497,15.719622,16.912529,14.132238
1498,-18.60838,1.2544703,-2.0822835
1499,-8.65427,-7.578399,23.745872
1500,-1.5119426,-0.6901163,-19.393452
1501,-2.933594,-15.354129,-13.79812
1502,24.813076,4.7152596,-8.496277
1503,14.897413,16.499369,14.9081
1504,-20.522333,-1.0071454,-1.5060736
1505,0.7455116,0.07452494,-19.947145
1506,-17.305223,0.26195452,0.64846426
1507,-17.501202,14.699588,-2.1508274
1508,-0.24318033,-1.3289182,-21.192884
1509,-2.642642,-14.636692,-14.911428
1510,15.006392,15.045946,15.179752
1511,-5.4324646,0.45798314,-3.165215
1512,23.54108,5.3252645,-10.502612
1513,-17.743223,1.8703517,0.61369634
1514,-0.03722125,-2.1140594,-21.640457
1515,23.919384,4.8088813,-10.266149
1516,0.85033315,26.016634,-3.5982332
1517,-8.192712,8.389734,-5.21036
1518,-18.49928,0.3111557,-2.0000613
1519,15.147505,15.326514,15.005455
1520,-16.644873,11.824485,-1.8754143
1521,16.443638,12.028041,13.5111065
1522,-1.3316399,-1.8249844,-19.953098
1523,-1.9264872,-12.697627,-15.35476
1524,-10.112212,9.801334,-4.862698
1525,24.473013,4.8226395,-8.909833
1526,22.3197,4.7982864,-12.581608
1527,-0.6148359,-14.566441,-15.733024
1528,-9.184617,-6.488762,18.546207
1529,-6.0548573,0.33162898,-4.108356
1530,-12.195988,-5.854057,15.897558
1531,-7.0618815,-7.387343,19.554195
1532,-6.1831775,11.336151,-3.9380484
1533,-1.6568487,-13.303567,-15.5425005
1534,-16.650372,13.772369,-3.5550952
1535,-4.9327607,8.867996,-3.7441416
1536,24.885633,5.082592,-9.766942
1537,-6.718827,-0.6238505,-3.9989734
1538,-7.2186875,-0.8483296,-3.519441
1539,24.01899,3.8887954,-7.5852385
1540,-16.924074,15.570134,-0.529354
1541,-0.8660159,23.641768,-5.2361035
1542,-6.4923925,0.4508339,-4.2799954
1543,-17.034567,15.327788,-1.1192816
1544,-6.981808,-1.3326569,-3.5097337
1545,4.390186,20.748241,-3.8498814
1546,12.536027,-22.063852,9.701798
1547,-8.876715,-5.894117,15.399251
1548,-19.179884,-4.85141,0.8406725
1549,21.071474,2.0261476,-10.903739
1550,2.203653,-14.707489,10.257426
1551,15.956219,8.990806,8.992771
1552,-0.52312267,-22.281979,-5.2408786
1553,12.724967,-17.843096,11.658669
1554,2.3011763,-4.9350653,-20.148787
1555,4.568635,20.49887,-2.5904047
1556,10.79216,-18.441032,10.579099
1557,-12.528302,-1.570729,11.374429
1558,-22.38938,-1.7221411,4.995223
1559,22.166122,1.0750688,-11.375208
1560,2.486174,-14.541175,11.454664
1561,13.572105,9.41778,10.304419
1562,0.051287733,-5.9517756,-19.084253
1563,5.022772,21.517088,-5.409688
1564,9.6688,-18.068716,10.438817
1565,-9.635591,-0.6888473,16.898
1566,-18.562092,-3.3278239,2.9799702
1567,22.006805,3.0170195,-12.834753
1568,-0.51920485,-16.687662,10.72722
1569,13.387796,6.7242036,13.259393
1570,-0.63505274,-22.227362,-6.0739484
1571,1.9483957,-11.578768,4.293246
1572,0.14368005,-6.358407,-19.220568
1573,19.06618,4.0089917,-6.8018384
1574,0.27962086,-5.7396407,-19.031849
1575,0.3301804,-17.93537,8.894797
1576,3.855112,-13.408406,7.8749704
1577,13.582877,10.605298,11.349459
1578,2.6281328,-15.08959,10.788685
1579,1.5757946,21.852074,-1.7052896
1580,2.912222,-6.6431613,-15.137081
1581,0.57741535,-4.8623967,4.2437177
1582,0.37239707,-18.229652,8.510425
1583,-0.63902205,-7.2982492,-4.208401
1584,23.674446,2.2478836,-10.79273
1585,12.080329,-24.038115,8.024824
1586,-1.8822118,-18.530197,-8.6934
1587,-2.817339,-19.681862,-5.8495255
1588,-4.412283,-13.990668,1.9085646
1589,4.376188,-12.947683,9.088725
1590,9.820464,-22.322386,9.045059
1591,6.4520755,19.666603,-1.9626777
1592,-0.20907651,18.615652,-1.9641187
1593,-14.103032,-1.4368585,11.679694
1594,-11.131659,-4.970122,18.276285
1595,-3.3431387,-20.361876,-5.0422497
1596,-0.46128377,-8.380454,2.4292693
1597,-13.586735,-1.0097433,12.399963
1598,4.974097,21.018568,-1.2726516
1599,9.944569,-18.807358,10.797418
1600,-11.761819,-11.158323,19.291086
1601,14.805211,9.76453,9.688787
1602,-4.671718,-13.683204,1.830811
1603,-4.091636,-14.75538,2.0751307
1604,-3.1553493,-19.593449,-6.1972537
1605,-5.4015584,-17.870296,-14.316111
1606,-4.0921345,-12.967965,1.6142645
1607,21.24543,3.121243,-12.77158
1608,13.137911,8.70446,12.481161
1609,13.818653,7.787252,12.317262
1610,14.943579,10.217749,10.497962
1611,0.93279225,-21.184793,-2.7309449
1612,1.7435348,-6.4181004,-17.724821
1613,11.415032,-21.281128,9.210646
1614,1.8615092,-14.773133,9.621716
1615,6.5529194,20.061037,-1.9436063
1616,-20.072256,10.630077,-3.2782786
1617,-3.8064096,-13.506188,11.42818
1618,-12.625,-1.5109558,11.562289
1619,-0.79806423,-8.411356,-3.2890222
1620,0.36374128,24.408192,-7.4867744
1621,10.665349,-22.413675,9.417662
1622,-2.2649617,-20.201859,-7.9500003
1623,14.975449,9.932026,9.683497
1624,-18.626951,-4.6436152,2.9320629
1625,-11.329471,-7.870436,22.38415
1626,11.36364,-24.232664,9.070243
1627,-4.612257,-18.996016,-6.6506357
1628,0.90329325,-21.218718,-2.802356
1629,13.912364,8.330008,11.29323
1630,-19.799751,-4.885957,0.8717764
1631,12.529659,-23.651072,8.509347
1632,-17.538078,-5.190425,2.5768702
1633,2.315371,-7.4954696,-14.368539
1634,11.834885,-22.358803,8.381327
1635,-1.8672775,-19.46778,-5.8934054
1636,18.817116,10.763596,11.849071
1637,-0.0009840567,-7.4985585,-4.20954
1638,24.882965,2.2346873,-10.739478
1639,-18.813133,-4.1359577,1.2844578
1640,11.898761,-23.81943,7.218651
1641,21.209974,2.5174406,-10.461042
1642,5.437776,20.220827,-3.9967778
1643,0.5638467,-17.54792,10.723254
1644,-19.989216,-4.0284886,1.0338013
1645,14.176757,7.009148,12.214133
1646,-21.607838,11.869867,-2.1696222
1647,14.653301,5.9318595,14.453605
1648,12.421683,-23.969921,7.6948347
1649,-1.0023516,-20.952564,-12.758545
1650,-0.4848085,-13.904611,7.6094675
1651,21.737574,1.8781184,-10.760116
1652,21.557701,4.1156855,-12.980438
1653,-3.5471919,-20.958057,-8.954553
1654,-7.9535675,-9.203922,20.84941
1655,-13.434088,-4.5850377,13.711655
1656,2.1784627,-14.928668,11.969882
1657,-2.720294,-18.285326,-6.1672773
1658,-17.299696,-4.7856317,1.1789521
1659,0.47928324,-17.410069,10.9778805
1660,1.0281465,-21.038664,-2.5507348
1661,23.026936,1.6492596,-11.026084
1662,0.6858859,-17.974447,8.436064
1663,-0.5586325,20.274773,-3.8721368
1664,0.89857256,-8.560676,-2.8295188
1665,2.6746194,-7.189641,-14.597855
1666,0.2651394,-9.1441,-2.9390066
1667,2.892407,25.836243,-4.4846873
1668,10.802089,-15.274621,6.9990892
1669,-9.732532,-4.533569,19.468523
1670,-18.559704,-3.303035,-4.739138
1671,25.129187,-2.3890092,-3.1411803
1672,-4.0016108,10.537091,-5.6112475
1673,21.221096,15.527225,12.568817
1674,0.573108,-20.965654,-10.40316
1675,-3.6235,-9.853908,-1.3201562
1676,-16.861809,11.242402,-4.871417
1677,3.353966,24.729046,-3.7737267
1678,11.045933,-17.045183,5.1462274
1679,-12.516242,-11.862436,19.412985
1680,-6.3633366,-13.553116,1.093713
1681,25.194157,0.4071654,-9.174242
1682,-2.941136,10.242885,-5.17223
1683,14.859157,15.868739,13.18026
1684,-0.008582497,-19.14823,-14.517936
1685,-4.4365516,-9.178425,1.4510808
1686,-17.044945,14.745304,-5.613545
1687,5.6651645,25.364851,-5.63641
1688,11.470491,-16.492176,8.072795
1689,-9.68405,-8.884538,16.599295
1690,-17.71893,-5.092108,-4.851607
1691,24.774397,-0.09163995,-8.274421
1692,-2.4648302,11.258515,-5.1313324
1693,20.392263,16.093542,12.449766
1694,0.63999355,-20.91784,-10.73334
1695,-3.991063,-9.001733,-1.2939336
1696,-19.333725,11.393595,-3.4808009
1697,-0.6429952,21.833118,-5.482483
1698,-19.105627,14.501222,-4.245442
1699,-2.3620398,9.149367,-4.779399
1700,-4.544693,6.7579575,-6.26512
1701,19.982065,16.216799,13.1198225
1702,-1.9938917,6.693602,-3.9336765
1703,4.088036,19.488407,-5.271167
1704,-19.70643,15.522389,-2.4792926
1705,-5.1453156,-6.3666077,-1.2098796
1706,-18.339973,14.930501,-2.9026403
1707,-4.210468,-9.024036,3.371477
1708,25.295984,-0.95918757,-9.648525
1709,10.836143,-15.52293,6.2032003
1710,0.0776136,-13.622686,-12.541779
1711,1.1919006,-18.313602,-15.647238
1712,-5.584755,-15.192342,1.0955367
1713,-3.072661,10.554939,-5.6045647
1714,9.779052,-18.376835,6.2507687
1715,5.1485844,24.298967,-7.7502475
1716,-1.6824766,22.341772,-7.5781226
1717,-8.7213745,-6.910472,23.810535
1718,-8.961001,-7.019977,20.622347
1719,-3.6313863,-19.670977,-10.173601
1720,-2.5026715,-8.412509,4.527279
1721,-8.982265,-7.181634,23.350916
1722,5.8939943,22.3027,-7.8787813
1723,12.100208,-17.305353,7.4473257
1724,-6.702011,-6.9443564,21.92633
1725,14.468232,15.27085,12.90817
1726,-7.08272,-13.898874,0.5259095
1727,-7.07078,-14.193999,-0.013644958
1728,-5.8626914,-17.18113,-12.130266
1729,-19.073328,-3.3907568,-5.3137984
1730,-6.441712,-14.299945,0.71399844
1731,23.219751,-1.545854,-7.878308
1732,12.997743,7.488426,17.326918
1733,19.982428,16.09928,13.489365
1734,22.722836,14.828297,16.082891
1735,25.209637,-2.0433588,-4.162828
1736,-17.492975,13.068511,-6.2412724
1737,8.347189,-17.773981,5.073813
1738,-4.191242,8.678621,-6.913343
1739,4.85049,24.311726,-7.5015807
1740,-18.761833,13.525986,-4.778886
1741,-2.4781392,11.540168,-5.2559905
1742,-8.454818,-8.638199,17.090492
1743,-3.5772212,-8.080535,-1.2715096
1744,-11.033322,-9.392064,17.379494
1745,3.4438667,23.185213,-8.535451
1746,5.4385614,25.342272,-5.7405047
1747,9.64957,-16.22832,4.1971116
1748,-5.3314924,-20.685324,-8.883284
1749,13.658033,8.372059,16.831373
1750,-7.4444075,-13.784193,1.3138976
1751,-9.724304,-8.896614,16.665964
1752,11.293007,-20.21785,3.0841556
1753,-5.91914,-19.414442,-10.15214
1754,25.559013,-1.4254411,-4.5364437
1755,15.616643,8.407513,15.301663
1756,-19.822739,-2.5543802,2.5609868
1757,8.976879,-19.25652,4.49817
1758,-21.206442,-2.0889742,-3.0613983
1759,-17.786922,13.479158,-6.49747
1760,10.827501,-17.008722,6.9443755
1761,-1.1887938,-18.44716,-12.078776
1762,14.805564,9.950187,17.172403
1763,0.65971345,-5.3194213,-0.5570771
1764,26.7723,0.64906436,-6.578783
1765,-17.746115,-5.0326233,-4.855973
1766,10.039668,-16.712498,4.4828305
1767,22.053339,-0.76816016,-5.3300962
1768,5.0835185,21.80934,-1.0645932
1769,-5.2272253,10.378083,-5.8281593
1770,-19.478476,-2.2249663,-0.8761608
1771,14.001267,7.4063225,14.2770815
1772,-18.222761,14.442879,-6.5846496
1773,15.73523,15.360438,14.4581
1774,9.916775,-17.211185,4.328351
1775,-1.1994826,-21.986519,-7.742907
1776,-4.039053,11.277261,-4.2900224
1777,24.021378,-1.8593714,-4.310002
1778,26.97103,-0.23519742,-4.993918
1779,1.4872398,-17.254095,-12.212458
1780,-8.377234,-7.4950166,17.818617
1781,-5.1929502,-8.186612,-1.6372492
1782,-7.4072647,-5.461397,19.206007
1783,-6.4701076,-6.2989664,20.749239
1784,-2.192954,11.290725,-4.2513866
1785,-4.2449393,-20.455086,-9.081672
1786,-21.122118,14.926283,-3.7892652
1787,-4.906609,10.551031,-6.982288
1788,25.886616,-0.19958535,-5.40639
1789,-0.6538319,-11.582289,-0.5461677
1790,9.737813,-20.126593,2.8132622
1791,24.429537,1.3865314,-6.811069
1792,-18.479452,15.472298,-4.669265
1793,4.7760053,19.64588,-6.72087
1794,-0.04136041,-5.391672,-0.6307226
1795,-17.59042,14.127413,-9.145537
1796,-5.2657766,-6.9020863,-1.3644447
